patient_id,idade,sexo,peso_kg,altura_cm,imc,pressao_sistolica,pressao_diastolica,frequencia_cardiaca_repouso,colesterol_total,colesterol_ldl,colesterol_hdl,triglicerides,glicemia_jejum,fumante,diabetes,historico_familiar_cardiaco,tipo_dor_toracica,resultado_ecg_repouso,diagnostico_doenca_cardiaca
CARDIO_0001,64,F,51.1,154.0,21.5,94,77,90,163,108,64,50,82,0,1,1,3,1,0
CARDIO_0002,56,F,56.4,153.5,23.9,137,84,81,162,103,65,244,103,0,0,0,1,2,0
CARDIO_0003,67,M,100.1,175.9,32.4,125,97,78,266,174,50,135,122,0,0,0,2,1,1
CARDIO_0004,79,F,60.8,160.5,23.6,131,73,79,249,177,64,135,65,0,0,0,1,0,1
CARDIO_0005,54,F,55.3,155.3,22.9,114,75,65,217,123,43,84,118,0,0,0,0,1,0
CARDIO_0006,54,M,76.1,169.7,26.4,113,78,70,247,140,37,198,134,0,0,1,0,2,0
CARDIO_0007,80,M,82.4,180.2,25.4,123,79,95,180,101,68,129,78,0,0,0,1,0,1
CARDIO_0008,68,M,101.2,174.6,33.2,134,78,62,239,127,35,112,88,0,0,0,2,0,0
CARDIO_0009,51,M,84.9,171.2,29.0,100,77,91,203,133,51,196,90,0,0,0,2,0,0
CARDIO_0010,65,M,82.7,175.1,27.0,133,55,69,245,173,55,73,83,1,1,0,2,0,1
CARDIO_0011,51,M,61.6,161.0,23.8,109,77,88,193,103,44,93,99,0,0,0,0,1,1
CARDIO_0012,51,M,93.2,164.1,34.6,109,78,55,204,125,28,71,65,0,0,0,1,0,0
CARDIO_0013,61,M,91.7,163.6,34.3,122,77,80,245,132,20,111,84,1,0,0,0,0,1
CARDIO_0014,31,F,66.5,152.5,28.6,123,86,61,232,146,59,178,133,0,0,0,3,0,0
CARDIO_0015,33,M,77.4,184.1,22.8,98,62,53,160,75,34,50,65,0,0,1,3,1,1
CARDIO_0016,50,M,85.3,187.6,24.2,118,68,74,195,133,44,57,124,0,0,0,1,0,1
CARDIO_0017,43,M,85.7,176.5,27.5,104,87,83,159,104,28,162,105,0,0,1,0,1,0
CARDIO_0018,62,F,100.3,154.0,42.3,143,76,63,140,90,43,203,79,0,0,0,0,0,0
CARDIO_0019,45,M,80.6,159.4,31.7,126,69,53,218,141,38,303,119,1,0,1,2,0,0
CARDIO_0020,38,M,86.2,168.2,30.5,135,71,69,229,145,41,287,96,0,0,0,2,0,0
CARDIO_0021,78,F,70.8,163.6,26.5,128,85,73,227,154,46,105,94,0,0,0,2,0,0
CARDIO_0022,54,F,73.8,162.2,28.1,127,76,78,130,77,66,198,106,0,0,0,0,0,0
CARDIO_0023,58,F,91.4,162.5,34.6,127,68,84,209,128,42,242,123,0,0,0,2,0,1
CARDIO_0024,38,M,84.9,168.7,29.8,128,67,70,120,81,22,138,116,0,0,0,2,2,0
CARDIO_0025,50,M,98.1,158.1,39.2,117,74,94,283,177,33,131,145,1,1,0,0,1,1
CARDIO_0026,59,F,85.0,167.6,30.3,132,75,75,171,112,57,175,115,0,0,0,1,0,1
CARDIO_0027,41,F,64.9,158.5,25.8,108,74,66,247,172,68,143,65,0,0,0,0,0,0
CARDIO_0028,63,F,58.3,159.7,22.9,119,76,53,240,146,54,113,83,0,0,0,1,2,1
CARDIO_0029,49,F,55.4,150.0,24.6,115,57,68,162,106,67,174,167,0,1,1,3,1,0
CARDIO_0030,53,M,59.2,165.6,21.6,116,79,68,149,81,42,87,108,0,0,0,1,0,1
CARDIO_0031,49,F,98.8,163.7,36.9,122,79,83,237,152,41,140,171,1,0,0,3,1,0
CARDIO_0032,83,M,87.7,170.0,30.3,138,92,80,193,139,47,183,147,0,1,0,2,1,0
CARDIO_0033,57,M,105.5,179.7,32.7,143,80,58,222,139,39,211,114,1,0,0,0,1,1
CARDIO_0034,43,M,81.0,185.7,23.5,122,78,73,174,106,38,71,98,0,0,0,2,0,0
CARDIO_0035,69,M,73.7,163.4,27.6,137,80,81,143,77,21,218,103,0,0,1,1,0,1
CARDIO_0036,40,M,110.2,175.5,35.8,113,86,89,127,77,51,97,65,0,0,0,1,0,0
CARDIO_0037,60,M,60.3,168.7,21.2,106,76,83,206,132,31,96,92,0,0,0,0,2,0
CARDIO_0038,30,F,61.8,158.9,24.5,116,66,79,166,101,51,132,118,1,0,0,1,1,0
CARDIO_0039,39,M,88.6,190.5,24.4,119,87,71,171,95,45,108,75,0,0,0,0,0,0
CARDIO_0040,60,F,74.0,157.6,29.8,141,83,77,242,143,48,140,115,0,0,1,0,2,1
CARDIO_0041,68,M,66.7,173.8,22.1,114,78,88,250,133,28,247,117,0,1,1,1,2,1
CARDIO_0042,60,M,92.6,175.3,30.1,121,66,57,204,107,20,124,82,1,0,0,0,2,0
CARDIO_0043,56,M,85.7,179.6,26.6,99,63,68,192,113,48,304,87,0,0,0,3,2,0
CARDIO_0044,53,M,73.5,172.7,24.6,111,74,63,220,155,36,174,69,0,0,0,1,2,0
CARDIO_0045,37,M,62.8,174.2,20.7,117,68,75,130,80,73,134,65,0,0,0,2,0,0
CARDIO_0046,47,M,95.1,169.3,33.2,114,70,86,223,122,27,219,74,0,0,0,1,1,1
CARDIO_0047,51,M,91.8,173.9,30.4,127,76,64,233,137,30,328,80,0,0,0,2,1,0
CARDIO_0048,72,F,51.8,164.5,19.1,118,86,45,226,131,45,60,128,1,1,0,0,0,0
CARDIO_0049,62,M,109.7,176.4,35.3,133,85,68,149,90,39,134,91,0,0,0,3,0,0
CARDIO_0050,33,F,60.9,161.7,23.3,91,58,81,157,110,40,96,90,0,0,0,1,2,0
CARDIO_0051,62,M,59.1,174.6,19.4,117,70,79,159,92,50,123,77,0,0,1,3,0,1
CARDIO_0052,52,F,78.2,158.5,31.1,90,69,77,217,162,58,76,134,0,0,0,1,2,1
CARDIO_0053,48,F,87.3,154.9,36.4,120,74,68,241,157,25,208,144,0,1,1,0,0,1
CARDIO_0054,66,F,70.3,155.5,29.1,106,73,58,276,181,47,272,127,1,0,0,2,0,0
CARDIO_0055,72,M,78.4,159.6,30.8,145,75,80,202,124,20,188,117,1,0,0,0,0,1
CARDIO_0056,71,M,87.3,180.8,26.7,136,67,64,193,99,35,140,98,1,0,1,1,0,1
CARDIO_0057,46,M,63.2,165.7,23.0,117,69,97,239,124,39,102,65,1,0,1,0,1,1
CARDIO_0058,53,F,106.4,155.3,44.1,150,77,79,251,159,26,299,173,0,1,0,2,1,1
CARDIO_0059,62,F,77.9,164.4,28.8,112,55,66,264,158,61,119,85,0,0,0,3,0,1
CARDIO_0060,71,F,45.3,169.7,15.7,139,87,66,203,141,69,214,103,0,0,1,1,0,0
CARDIO_0061,51,M,87.1,157.1,35.3,134,86,70,174,98,33,317,137,0,0,0,3,0,1
CARDIO_0062,55,F,75.3,161.6,28.8,117,71,69,156,89,58,184,88,0,0,0,1,0,0
CARDIO_0063,42,F,88.1,163.2,33.1,131,74,84,150,93,65,189,130,0,1,1,1,1,0
CARDIO_0064,41,M,88.7,173.6,29.4,100,63,73,230,134,33,233,118,0,0,0,3,0,0
CARDIO_0065,69,M,91.6,171.6,31.1,119,92,65,269,171,32,246,153,1,1,0,3,0,1
CARDIO_0066,76,F,52.9,164.8,19.5,116,89,97,275,163,26,74,82,0,0,0,2,0,0
CARDIO_0067,56,F,67.1,163.1,25.2,111,74,73,237,155,42,119,65,1,0,0,0,0,1
CARDIO_0068,72,F,58.1,152.0,25.1,113,84,83,257,164,46,71,89,0,0,0,1,0,0
CARDIO_0069,63,M,80.7,175.9,26.1,137,76,66,185,112,35,180,105,0,0,0,0,0,1
CARDIO_0070,48,F,78.2,165.8,28.4,113,62,76,159,89,48,206,100,0,1,0,1,2,0
CARDIO_0071,63,M,71.9,170.6,24.7,125,71,77,239,147,45,67,88,0,0,0,1,2,0
CARDIO_0072,79,M,109.0,170.9,37.3,132,85,52,255,166,26,184,74,0,1,0,3,1,0
CARDIO_0073,57,M,81.4,170.6,28.0,99,71,96,213,128,53,84,113,0,0,0,3,0,0
CARDIO_0074,79,F,76.2,158.6,30.3,136,78,90,240,159,63,122,160,0,1,1,1,0,1
CARDIO_0075,21,F,86.8,167.0,31.1,90,68,64,210,168,53,213,107,0,0,0,0,1,0
CARDIO_0076,69,M,71.8,151.4,31.3,128,78,60,273,145,42,137,125,0,1,1,3,1,1
CARDIO_0077,59,M,94.6,176.6,30.3,107,76,77,266,190,31,158,119,0,0,0,0,2,1
CARDIO_0078,53,F,70.2,151.0,30.8,144,67,73,234,139,50,81,114,0,1,1,2,0,1
CARDIO_0079,59,M,75.3,171.9,25.5,130,68,77,239,130,20,163,121,0,0,0,0,0,0
CARDIO_0080,30,F,79.1,164.7,29.2,109,59,72,218,126,33,168,105,0,0,0,1,1,1
CARDIO_0081,54,M,75.2,179.9,23.2,130,79,78,179,114,49,97,85,0,0,1,3,1,0
CARDIO_0082,62,M,50.0,178.6,15.7,103,55,90,217,146,31,92,65,0,0,1,0,1,0
CARDIO_0083,78,M,58.2,166.6,21.0,132,84,81,150,110,29,140,91,0,0,0,1,1,1
CARDIO_0084,50,M,93.4,174.8,30.6,121,85,59,253,172,55,129,111,0,0,0,0,2,0
CARDIO_0085,46,F,80.1,156.1,32.9,122,72,87,166,113,48,100,97,0,0,0,3,1,0
CARDIO_0086,50,M,88.4,162.3,33.6,137,55,91,228,113,29,301,115,0,0,1,3,2,1
CARDIO_0087,70,M,67.5,167.6,24.0,132,72,110,174,101,20,107,110,0,0,0,0,2,1
CARDIO_0088,62,F,64.4,155.0,26.8,125,74,59,231,116,60,153,122,0,0,0,0,1,1
CARDIO_0089,50,M,81.9,178.7,25.6,95,64,74,199,125,39,213,127,0,0,0,2,0,0
CARDIO_0090,65,M,64.6,175.6,20.9,107,68,48,135,84,51,341,95,0,0,0,0,0,0
CARDIO_0091,59,F,50.1,157.5,20.2,114,83,79,211,132,34,51,65,0,0,1,2,1,0
CARDIO_0092,71,F,45.3,159.7,17.8,120,77,67,172,116,46,140,81,0,0,0,0,0,0
CARDIO_0093,48,M,78.7,167.5,28.1,102,65,94,240,131,44,123,100,0,0,0,0,2,0
CARDIO_0094,53,F,87.7,147.5,40.3,157,67,63,232,151,55,194,72,0,0,0,2,0,1
CARDIO_0095,52,F,62.3,159.9,24.4,133,69,51,215,132,53,103,129,0,0,0,0,0,0
CARDIO_0096,37,M,51.4,177.3,16.4,108,63,65,137,90,57,50,81,0,0,0,3,1,1
CARDIO_0097,62,M,78.3,180.3,24.1,121,77,49,180,94,42,143,106,0,0,0,0,0,0
CARDIO_0098,61,F,72.6,169.4,25.3,118,70,82,187,128,34,63,132,1,0,1,0,0,1
CARDIO_0099,58,F,91.6,151.8,39.8,119,85,48,267,149,50,280,103,1,1,0,3,0,1
CARDIO_0100,54,M,77.8,179.5,24.1,117,87,72,267,163,20,148,109,0,0,0,1,1,1
CARDIO_0101,38,F,98.9,158.2,39.5,123,83,45,190,128,41,247,110,0,0,1,2,0,0
CARDIO_0102,52,F,86.9,158.2,34.7,108,76,68,263,156,54,170,105,0,0,0,0,2,0
CARDIO_0103,53,M,73.4,170.9,25.1,120,71,92,120,62,33,128,76,0,0,1,2,0,1
CARDIO_0104,46,M,90.6,166.8,32.6,117,72,75,165,113,34,205,146,1,1,1,2,2,0
CARDIO_0105,55,M,103.0,167.3,36.8,104,88,62,187,107,34,139,104,1,0,0,0,0,0
CARDIO_0106,63,F,62.3,166.3,22.5,109,68,72,147,105,56,116,112,0,0,0,3,0,0
CARDIO_0107,84,M,82.9,166.5,29.9,130,81,75,163,103,56,122,65,0,0,0,2,0,0
CARDIO_0108,60,F,70.0,156.0,28.8,145,76,78,229,138,52,115,133,0,0,0,1,0,0
CARDIO_0109,61,F,67.6,152.9,28.9,130,72,56,204,125,55,50,130,0,0,1,2,1,0
CARDIO_0110,56,F,63.7,154.6,26.7,103,63,79,221,133,50,238,101,1,0,0,2,0,0
CARDIO_0111,31,M,95.4,172.0,32.2,117,74,45,232,138,50,144,94,1,0,0,0,0,0
CARDIO_0112,57,F,83.4,168.1,29.5,103,75,65,223,143,54,242,113,0,0,0,1,1,1
CARDIO_0113,58,M,97.7,176.6,31.3,137,80,66,242,128,36,245,164,0,1,0,0,0,0
CARDIO_0114,92,F,90.7,151.4,39.6,142,83,83,247,149,37,145,85,0,1,0,1,0,1
CARDIO_0115,55,M,101.8,160.7,39.4,127,89,72,183,122,42,156,137,0,1,1,2,1,1
CARDIO_0116,62,M,85.0,166.7,30.6,141,70,56,259,138,20,331,84,1,0,0,1,2,0
CARDIO_0117,57,F,60.0,163.6,22.4,100,85,60,174,102,58,242,92,0,0,0,3,0,1
CARDIO_0118,41,M,71.7,165.4,26.2,94,56,73,160,77,30,154,87,0,0,0,0,0,0
CARDIO_0119,73,M,108.0,177.8,34.2,126,84,73,222,123,49,211,104,0,0,1,1,2,1
CARDIO_0120,68,F,68.3,162.1,26.0,137,79,66,174,102,41,117,101,0,0,0,2,0,0
CARDIO_0121,69,F,91.2,160.6,35.4,114,74,68,213,143,63,227,87,0,0,1,1,2,0
CARDIO_0122,45,F,78.8,145.6,37.2,90,80,79,235,146,48,167,137,0,1,0,1,0,0
CARDIO_0123,77,F,55.7,158.5,22.2,120,86,68,221,127,46,50,65,1,0,1,0,2,1
CARDIO_0124,38,M,88.4,163.3,33.1,122,55,69,174,121,29,111,117,1,0,0,1,0,0
CARDIO_0125,66,M,89.8,172.4,30.2,141,81,99,198,123,46,177,99,0,0,0,0,2,0
CARDIO_0126,88,M,73.4,173.9,24.3,127,59,58,260,150,44,78,76,0,0,0,3,0,1
CARDIO_0127,44,M,81.6,181.5,24.8,106,62,49,216,126,53,144,97,0,0,0,0,1,1
CARDIO_0128,50,F,56.6,158.0,22.7,127,83,81,278,147,47,74,65,0,0,0,3,0,0
CARDIO_0129,59,F,64.8,166.0,23.5,95,68,64,248,138,45,95,96,0,0,0,2,0,0
CARDIO_0130,50,M,88.5,173.3,29.5,113,64,68,254,158,31,223,66,0,0,0,0,1,1
CARDIO_0131,36,M,82.6,184.6,24.2,109,67,61,135,88,43,160,101,0,0,0,1,1,0
CARDIO_0132,58,F,91.6,163.9,34.1,131,94,69,252,166,32,194,87,1,0,1,3,2,1
CARDIO_0133,43,M,91.2,173.5,30.3,109,58,90,204,131,56,229,89,0,0,0,3,0,0
CARDIO_0134,64,F,54.3,152.6,23.3,121,65,83,181,95,48,170,103,0,0,1,0,2,0
CARDIO_0135,45,M,78.1,177.6,24.8,90,82,81,203,119,54,235,73,0,0,0,0,0,0
CARDIO_0136,79,F,45.2,154.0,19.1,116,89,57,240,179,50,92,93,0,0,0,0,2,0
CARDIO_0137,47,M,88.0,175.3,28.6,121,72,57,225,147,52,142,65,1,0,0,0,2,0
CARDIO_0138,53,F,67.9,154.0,28.6,107,64,45,173,112,56,89,117,0,0,0,2,0,0
CARDIO_0139,69,F,63.5,157.3,25.7,125,92,64,240,126,28,127,145,1,1,1,3,2,1
CARDIO_0140,40,F,47.7,158.1,19.1,110,79,82,157,92,52,178,152,0,1,0,1,1,0
CARDIO_0141,61,F,77.2,166.3,27.9,118,81,79,219,113,34,242,104,0,0,1,2,0,0
CARDIO_0142,76,F,62.5,166.0,22.7,128,69,71,196,119,63,196,119,0,0,1,2,1,0
CARDIO_0143,35,F,53.6,151.9,23.2,94,67,70,180,131,62,50,65,0,0,0,1,0,0
CARDIO_0144,60,M,97.7,159.6,38.4,128,79,64,262,179,43,281,155,0,1,1,0,1,0
CARDIO_0145,61,F,69.6,155.4,28.8,130,78,75,171,94,41,58,123,0,0,0,2,0,1
CARDIO_0146,68,F,94.8,151.8,41.1,138,95,82,319,215,40,284,112,0,1,1,3,0,1
CARDIO_0147,40,M,98.2,168.3,34.7,110,81,51,141,100,20,176,137,0,1,0,2,0,1
CARDIO_0148,39,F,63.6,158.0,25.5,112,61,74,171,97,55,194,86,0,0,0,0,1,0
CARDIO_0149,65,F,61.6,175.8,19.9,126,83,84,212,114,50,50,80,1,0,1,0,2,0
CARDIO_0150,62,F,76.6,162.8,28.9,99,78,68,237,148,62,239,116,0,0,0,0,2,0
CARDIO_0151,61,M,91.8,172.0,31.0,139,82,81,213,141,31,92,80,0,0,0,2,0,0
CARDIO_0152,62,M,58.4,171.9,19.8,112,83,106,193,108,52,83,116,0,0,0,2,0,0
CARDIO_0153,48,F,80.7,166.6,29.1,122,64,70,223,147,32,110,74,1,0,0,0,1,1
CARDIO_0154,61,F,87.2,173.6,28.9,137,75,77,204,144,38,64,77,1,0,0,3,1,0
CARDIO_0155,62,M,72.6,177.8,23.0,102,69,64,257,148,41,145,72,0,0,1,2,0,1
CARDIO_0156,47,F,67.1,147.8,30.7,109,61,73,243,136,61,286,121,0,0,0,2,0,0
CARDIO_0157,84,F,57.7,172.2,19.5,124,78,80,240,139,45,282,81,0,0,0,3,1,1
CARDIO_0158,64,M,85.9,169.9,29.8,116,97,75,177,117,60,179,72,1,0,0,0,0,1
CARDIO_0159,41,F,66.8,154.4,28.0,133,56,58,198,128,46,232,81,1,1,0,3,1,0
CARDIO_0160,67,M,71.9,166.3,26.0,114,75,76,198,125,62,168,100,1,0,1,0,1,1
CARDIO_0161,44,M,81.6,168.7,28.7,108,77,88,164,124,40,198,69,0,0,1,1,2,0
CARDIO_0162,69,M,99.6,178.1,31.4,132,79,79,236,154,25,161,81,0,0,1,3,1,1
CARDIO_0163,74,F,90.9,162.1,34.6,120,80,85,209,101,33,209,169,1,1,0,3,0,1
CARDIO_0164,46,M,76.4,173.4,25.4,108,61,68,225,124,43,184,72,0,0,0,1,2,0
CARDIO_0165,71,M,93.6,178.0,29.5,132,80,83,176,119,48,137,99,0,0,1,2,1,0
CARDIO_0166,63,M,50.0,171.0,17.1,111,64,76,259,177,58,105,77,0,0,1,2,0,0
CARDIO_0167,69,M,99.2,174.7,32.5,129,62,62,188,127,41,183,101,1,0,0,3,1,0
CARDIO_0168,84,F,82.4,161.7,31.5,130,91,79,238,163,41,232,130,0,1,0,0,0,1
CARDIO_0169,54,M,76.6,173.9,25.3,99,80,60,234,164,51,87,120,0,0,1,3,1,0
CARDIO_0170,47,M,65.2,167.9,23.1,115,70,64,171,111,42,137,83,0,0,0,1,0,0
CARDIO_0171,45,F,70.9,153.5,30.1,137,75,73,241,129,51,290,70,0,1,0,1,1,1
CARDIO_0172,46,M,99.4,171.1,34.0,120,84,75,166,92,20,264,139,0,1,0,1,0,0
CARDIO_0173,56,M,75.0,182.0,22.6,118,73,58,256,156,47,218,90,0,1,0,1,0,1
CARDIO_0174,62,M,87.2,178.5,27.4,131,82,85,211,152,34,163,145,0,0,0,3,2,0
CARDIO_0175,61,M,81.3,178.8,25.4,105,72,79,182,113,58,171,65,0,0,0,1,1,0
CARDIO_0176,69,M,89.2,180.7,27.3,146,87,65,202,133,47,221,109,1,0,0,3,0,1
CARDIO_0177,58,M,83.2,172.6,27.9,123,77,54,242,138,42,258,149,1,1,0,0,0,0
CARDIO_0178,78,M,62.8,173.4,20.9,145,77,73,182,126,48,50,88,0,0,0,2,0,0
CARDIO_0179,54,F,76.5,177.0,24.4,107,62,67,170,115,60,68,89,1,0,0,3,1,0
CARDIO_0180,95,M,74.6,169.8,25.9,160,83,77,215,136,57,233,117,0,0,1,2,1,1
CARDIO_0181,66,F,47.4,169.5,16.5,125,64,69,143,95,44,90,73,0,0,1,2,1,0
CARDIO_0182,45,F,86.3,166.5,31.1,124,68,47,282,184,45,140,94,0,0,0,2,1,0
CARDIO_0183,43,M,104.5,171.0,35.7,122,69,66,195,112,52,128,100,0,0,0,3,1,0
CARDIO_0184,64,F,58.7,171.4,20.0,115,63,69,230,143,83,91,76,0,0,1,3,0,0
CARDIO_0185,54,M,76.8,172.0,26.0,132,90,80,212,133,33,70,128,0,1,0,0,0,0
CARDIO_0186,67,F,86.1,162.5,32.6,131,89,65,184,114,32,313,123,0,1,0,3,1,1
CARDIO_0187,64,M,77.2,161.9,29.5,101,92,93,215,125,44,171,112,0,0,1,1,2,1
CARDIO_0188,56,M,113.2,155.9,46.6,121,74,49,277,184,27,254,149,0,0,0,0,1,1
CARDIO_0189,46,M,87.7,168.1,31.0,115,74,87,202,127,44,215,96,0,0,1,3,1,0
CARDIO_0190,36,F,79.7,155.9,32.8,117,62,67,256,184,38,246,83,0,0,1,1,1,1
CARDIO_0191,51,M,97.5,168.4,34.4,122,71,82,260,147,27,253,94,0,0,0,3,2,0
CARDIO_0192,69,F,64.9,158.7,25.8,139,68,74,247,189,59,218,101,0,0,0,0,0,0
CARDIO_0193,60,M,78.1,168.8,27.4,98,85,86,191,111,49,124,75,0,0,0,0,0,0
CARDIO_0194,40,F,71.2,159.6,28.0,114,68,66,157,94,55,147,83,0,0,0,1,2,1
CARDIO_0195,60,M,80.9,174.3,26.6,99,83,59,183,108,52,204,87,0,1,0,0,2,0
CARDIO_0196,63,F,40.0,157.0,16.2,123,75,90,196,110,69,74,138,1,0,0,2,0,1
CARDIO_0197,45,M,92.9,176.4,29.9,115,91,70,229,121,44,174,65,1,0,0,0,0,1
CARDIO_0198,60,M,82.8,164.0,30.8,129,65,75,129,105,27,202,102,1,1,1,1,0,0
CARDIO_0199,58,M,93.0,179.3,28.9,111,85,87,211,124,28,216,146,0,1,0,0,0,1
CARDIO_0200,41,M,80.8,171.5,27.5,127,80,58,206,129,34,55,99,0,0,0,0,2,0
CARDIO_0201,63,F,78.7,156.1,32.3,139,70,80,209,143,54,229,128,1,0,0,2,0,1
CARDIO_0202,65,M,52.0,164.5,19.2,124,80,66,247,136,39,106,93,0,0,0,0,2,1
CARDIO_0203,73,F,70.3,167.8,25.0,124,79,72,228,127,64,192,85,0,1,0,2,0,1
CARDIO_0204,72,M,87.2,177.7,27.6,135,75,75,268,172,49,209,65,0,1,0,3,1,0
CARDIO_0205,38,M,97.0,174.6,31.8,105,66,52,198,109,35,280,106,0,0,0,2,0,1
CARDIO_0206,44,M,50.0,165.7,18.2,116,61,62,220,125,29,197,65,1,0,1,3,1,1
CARDIO_0207,65,M,113.3,165.9,41.2,155,99,89,305,200,45,311,103,0,0,1,0,1,1
CARDIO_0208,65,F,58.8,152.3,25.3,135,75,84,260,161,68,238,87,0,1,0,0,1,1
CARDIO_0209,65,M,98.6,163.7,36.8,123,87,72,187,131,35,226,160,0,1,0,3,0,0
CARDIO_0210,95,M,66.4,183.5,19.7,137,72,79,201,131,49,125,160,0,1,0,2,0,1
CARDIO_0211,65,F,71.7,156.1,29.4,110,70,69,202,119,41,224,111,0,0,0,2,0,0
CARDIO_0212,73,F,92.7,145.7,43.7,148,94,90,268,160,40,287,118,0,0,0,2,0,0
CARDIO_0213,71,M,72.6,169.7,25.2,131,65,71,238,158,46,132,72,0,0,1,1,1,1
CARDIO_0214,67,M,110.7,176.2,35.7,109,77,76,196,97,28,227,127,0,0,0,0,1,1
CARDIO_0215,53,F,65.9,164.2,24.4,102,72,86,203,145,72,144,139,0,0,0,2,1,0
CARDIO_0216,68,M,85.3,170.9,29.2,123,78,64,136,96,41,119,100,0,0,0,2,1,1
CARDIO_0217,47,M,95.1,172.3,32.0,115,73,90,270,146,37,262,65,0,0,1,1,0,1
CARDIO_0218,54,M,89.4,165.0,32.8,108,79,54,197,110,47,192,124,0,0,1,3,0,0
CARDIO_0219,51,F,67.5,163.9,25.1,120,77,91,202,125,47,273,120,0,0,0,0,0,0
CARDIO_0220,59,F,114.7,164.3,42.5,136,88,68,227,150,44,139,84,0,0,0,0,1,0
CARDIO_0221,90,M,118.1,170.4,40.7,145,79,73,297,210,59,195,134,1,0,0,3,1,1
CARDIO_0222,31,M,81.1,165.0,29.8,100,68,47,120,69,36,175,107,0,0,0,2,0,0
CARDIO_0223,67,M,85.0,154.1,35.8,144,90,68,229,143,33,272,114,0,0,0,1,0,1
CARDIO_0224,35,F,86.1,169.5,30.0,131,78,58,198,119,53,198,78,0,0,1,0,2,0
CARDIO_0225,51,M,98.6,188.9,27.6,111,62,64,187,129,51,181,124,0,0,1,0,1,0
CARDIO_0226,73,M,99.8,177.5,31.7,124,82,72,293,166,23,115,101,0,0,1,2,1,0
CARDIO_0227,58,F,82.9,160.5,32.2,130,61,84,182,101,49,116,71,1,0,0,1,0,1
CARDIO_0228,42,M,64.9,170.2,22.4,104,69,73,221,138,37,156,65,0,0,1,3,0,0
CARDIO_0229,47,F,96.2,162.7,36.3,120,92,75,235,151,54,124,142,1,1,1,3,2,1
CARDIO_0230,67,M,64.8,175.8,21.0,129,65,60,250,130,39,98,109,0,1,0,3,1,0
CARDIO_0231,47,M,86.5,163.7,32.3,96,68,61,186,135,43,216,107,0,0,1,1,0,1
CARDIO_0232,61,M,70.7,179.8,21.9,133,78,94,169,95,34,75,82,0,0,0,2,1,1
CARDIO_0233,58,F,70.9,157.1,28.7,122,63,63,255,161,42,264,89,0,0,1,1,1,1
CARDIO_0234,48,F,81.9,156.9,33.3,115,70,91,232,171,58,264,79,0,1,0,0,0,0
CARDIO_0235,88,F,76.8,161.9,29.3,136,86,72,165,104,38,77,102,0,0,0,0,0,0
CARDIO_0236,66,M,88.3,172.1,29.8,126,72,73,196,118,22,118,65,0,1,0,1,0,0
CARDIO_0237,29,F,61.0,161.3,23.4,90,65,82,201,100,46,50,67,0,0,0,3,0,0
CARDIO_0238,60,M,88.8,176.1,28.6,140,81,88,245,164,48,121,95,0,0,0,0,1,1
CARDIO_0239,48,M,78.3,169.5,27.3,116,76,70,176,135,50,207,113,0,0,0,0,0,0
CARDIO_0240,69,F,64.3,167.0,23.1,128,76,69,120,100,25,115,96,0,0,0,3,1,0
CARDIO_0241,46,M,99.8,172.7,33.5,131,72,70,235,156,59,220,126,0,1,0,0,2,1
CARDIO_0242,56,M,63.6,182.8,19.0,100,73,76,142,82,41,50,121,0,0,1,2,0,0
CARDIO_0243,65,M,91.0,163.3,34.1,135,78,84,145,95,38,243,139,0,0,1,0,0,0
CARDIO_0244,70,M,92.5,161.7,35.4,130,84,74,120,52,32,168,128,0,0,0,0,1,1
CARDIO_0245,41,M,77.5,173.2,25.8,121,66,78,229,167,41,154,93,0,0,1,3,1,0
CARDIO_0246,53,F,89.8,158.6,35.7,99,76,91,228,143,37,197,87,0,0,0,0,1,0
CARDIO_0247,51,M,79.7,173.2,26.6,115,65,76,194,102,27,81,116,0,0,1,2,0,1
CARDIO_0248,48,F,76.3,155.8,31.4,111,74,75,267,174,56,112,145,0,1,0,0,0,1
CARDIO_0249,82,F,55.1,152.9,23.6,135,71,56,238,130,52,201,111,1,0,0,0,1,1
CARDIO_0250,63,M,82.2,182.4,24.7,126,65,45,270,180,52,172,146,0,0,0,0,2,1
CARDIO_0251,40,M,65.6,160.8,25.4,101,72,75,140,95,38,215,65,0,1,0,0,0,0
CARDIO_0252,70,M,60.4,166.2,21.9,113,76,72,202,125,52,153,67,1,0,1,0,2,0
CARDIO_0253,87,F,86.6,160.1,33.8,139,90,69,171,114,45,202,140,0,0,1,2,0,0
CARDIO_0254,72,M,69.3,160.5,26.9,116,73,77,205,99,56,55,111,1,0,0,1,2,1
CARDIO_0255,36,F,78.1,154.1,32.9,124,76,69,198,125,47,173,135,0,1,0,0,1,0
CARDIO_0256,51,M,50.0,183.6,14.8,102,71,85,205,125,57,97,79,0,0,1,1,0,0
CARDIO_0257,75,F,72.7,163.3,27.3,94,81,75,218,150,59,278,84,1,0,1,3,1,1
CARDIO_0258,48,M,62.2,173.6,20.6,105,62,62,215,150,50,169,82,0,0,0,3,0,0
CARDIO_0259,64,M,106.6,163.2,40.0,121,83,85,265,161,34,317,83,0,0,0,2,0,1
CARDIO_0260,68,F,65.9,165.6,24.0,103,78,71,293,197,68,180,70,0,0,0,3,0,0
CARDIO_0261,45,F,72.4,152.9,31.0,102,74,77,196,120,47,137,126,0,1,0,0,0,0
CARDIO_0262,57,M,115.8,169.8,40.2,131,64,66,196,143,58,233,141,0,0,0,1,0,0
CARDIO_0263,18,F,55.9,161.1,21.5,112,65,61,186,122,53,146,89,0,0,0,2,1,0
CARDIO_0264,43,M,77.1,175.9,24.9,115,88,72,164,119,39,93,65,0,0,1,2,1,0
CARDIO_0265,54,F,88.4,152.4,38.1,120,76,72,287,190,64,192,106,0,0,0,1,0,1
CARDIO_0266,40,F,68.3,154.2,28.7,118,66,76,191,115,48,156,66,0,0,1,1,2,0
CARDIO_0267,80,M,61.2,175.5,19.9,120,78,71,182,117,53,220,125,0,0,1,3,1,0
CARDIO_0268,37,M,57.3,180.0,17.7,94,68,48,160,81,40,50,65,0,0,1,3,2,0
CARDIO_0269,51,M,97.3,183.1,29.0,104,83,66,237,151,45,242,74,1,0,0,1,1,0
CARDIO_0270,59,M,118.6,164.9,43.6,113,73,82,235,140,20,186,126,0,0,1,2,0,1
CARDIO_0271,78,F,56.0,165.5,20.4,120,81,71,179,111,79,50,80,0,0,0,0,0,0
CARDIO_0272,37,M,90.5,163.2,34.0,117,78,67,278,149,42,265,141,0,1,0,0,1,1
CARDIO_0273,74,M,90.9,170.4,31.3,130,78,86,190,100,55,225,93,1,1,0,1,0,1
CARDIO_0274,58,F,77.7,164.1,28.9,117,78,64,213,113,64,244,68,0,0,0,1,0,1
CARDIO_0275,44,F,66.7,155.5,27.6,102,80,52,228,151,43,211,65,0,1,1,0,0,0
CARDIO_0276,64,M,86.2,171.5,29.3,132,83,71,150,93,30,295,104,0,0,1,3,0,1
CARDIO_0277,60,M,83.6,169.8,29.0,107,66,67,232,128,26,203,89,1,1,0,1,0,0
CARDIO_0278,49,M,81.1,173.1,27.1,125,79,60,161,105,54,151,65,0,0,0,2,0,1
CARDIO_0279,58,M,70.7,166.2,25.6,107,73,70,238,171,57,173,128,0,0,0,0,0,0
CARDIO_0280,52,F,65.5,147.2,30.2,111,75,78,172,112,52,250,120,0,0,0,0,1,0
CARDIO_0281,59,M,56.6,160.7,21.9,99,72,72,226,154,55,87,92,1,0,1,3,1,0
CARDIO_0282,67,F,91.3,149.8,40.7,130,82,77,284,169,27,189,157,0,0,0,2,0,1
CARDIO_0283,80,M,67.2,186.2,19.4,137,84,96,238,177,43,103,112,0,0,1,3,0,1
CARDIO_0284,40,F,64.0,158.3,25.5,116,69,66,206,110,53,50,72,0,0,0,3,0,0
CARDIO_0285,87,F,75.7,164.4,28.0,147,71,79,215,123,67,173,84,1,0,0,1,0,1
CARDIO_0286,30,F,69.7,158.0,27.9,113,66,63,172,67,47,51,113,0,0,0,0,0,0
CARDIO_0287,55,M,95.8,170.7,32.9,110,78,62,277,173,40,192,118,0,0,0,3,0,0
CARDIO_0288,66,M,58.4,181.6,17.7,113,81,66,165,125,45,165,93,0,0,0,3,1,1
CARDIO_0289,61,M,67.2,156.5,27.4,113,80,67,168,91,48,133,80,0,1,1,2,1,1
CARDIO_0290,49,F,86.6,162.1,33.0,136,68,76,242,133,34,290,121,0,0,1,2,0,1
CARDIO_0291,55,F,63.5,163.1,23.9,102,92,100,168,96,70,56,75,1,0,0,2,0,0
CARDIO_0292,51,F,72.8,150.0,32.4,132,78,63,177,101,41,258,103,0,0,0,1,1,0
CARDIO_0293,49,F,74.0,164.9,27.2,126,83,66,146,93,29,201,134,0,1,0,2,2,0
CARDIO_0294,69,F,66.4,164.0,24.7,146,74,73,189,109,68,50,83,0,0,0,3,1,1
CARDIO_0295,62,M,83.6,160.8,32.3,121,82,77,217,148,26,349,70,0,0,0,2,1,1
CARDIO_0296,48,F,63.4,158.4,25.3,122,78,74,209,140,44,147,68,0,0,0,0,0,0
CARDIO_0297,70,M,73.0,186.2,21.1,149,83,89,240,163,46,77,120,0,1,1,0,0,1
CARDIO_0298,62,M,86.8,162.5,32.9,119,86,45,242,162,30,105,116,0,0,0,0,2,0
CARDIO_0299,69,M,58.1,173.3,19.3,101,79,45,190,104,38,108,88,0,0,1,0,0,0
CARDIO_0300,66,M,88.6,167.4,31.6,105,75,67,213,141,41,175,96,0,0,0,3,2,0
CARDIO_0301,46,M,81.7,175.0,26.7,122,67,84,221,147,29,164,108,0,0,1,0,1,1
CARDIO_0302,50,F,60.5,151.5,26.4,93,75,53,253,179,56,139,75,0,0,0,0,1,0
CARDIO_0303,68,M,85.4,167.5,30.4,123,85,45,224,144,30,214,116,0,1,0,0,0,0
CARDIO_0304,66,F,72.5,168.6,25.5,128,73,80,190,113,31,129,82,0,0,1,2,1,0
CARDIO_0305,57,M,83.9,184.6,24.6,120,81,75,162,96,65,50,74,0,0,0,1,0,1
CARDIO_0306,59,M,75.6,170.7,25.9,125,85,59,148,93,32,145,83,0,0,0,0,0,0
CARDIO_0307,75,M,83.8,177.0,26.7,131,70,62,242,177,46,50,95,0,0,1,0,0,1
CARDIO_0308,49,M,90.1,162.9,34.0,137,69,60,240,137,30,216,106,0,1,1,0,2,1
CARDIO_0309,65,F,75.7,161.6,29.0,114,75,74,238,145,58,111,111,0,0,1,1,1,1
CARDIO_0310,55,M,82.6,175.3,26.9,110,76,64,201,134,28,169,65,0,0,0,0,0,0
CARDIO_0311,54,F,79.4,160.9,30.7,112,71,78,269,190,35,257,84,0,0,0,3,0,0
CARDIO_0312,73,M,72.1,174.5,23.7,135,86,45,189,110,33,86,90,0,0,1,1,1,0
CARDIO_0313,69,F,68.1,157.7,27.4,137,80,63,252,136,60,225,141,0,1,0,0,1,1
CARDIO_0314,69,F,56.4,170.2,19.5,125,73,60,196,111,54,96,65,1,0,0,2,1,1
CARDIO_0315,76,F,85.5,154.7,35.7,150,71,71,210,114,60,308,122,0,1,0,0,1,1
CARDIO_0316,58,M,71.6,176.2,23.1,103,62,66,223,147,34,118,131,0,1,0,2,0,1
CARDIO_0317,67,M,71.2,178.2,22.4,141,76,83,219,136,48,86,65,0,0,0,0,1,1
CARDIO_0318,53,M,95.4,168.8,33.5,141,59,49,232,155,34,233,118,0,0,0,2,0,0
CARDIO_0319,62,F,62.5,162.4,23.7,128,81,73,206,127,25,117,76,0,1,0,2,2,1
CARDIO_0320,56,M,100.7,173.9,33.3,146,76,79,218,131,39,141,96,1,0,0,3,1,1
CARDIO_0321,59,M,71.9,168.9,25.2,99,99,95,300,197,34,122,77,0,0,0,0,0,0
CARDIO_0322,66,F,72.7,165.8,26.4,117,94,67,258,147,50,154,83,1,0,0,0,0,1
CARDIO_0323,46,M,69.5,186.7,19.9,100,67,75,216,138,59,205,154,0,0,1,1,1,0
CARDIO_0324,87,F,63.9,160.8,24.7,141,78,54,222,129,27,50,126,0,1,0,3,0,1
CARDIO_0325,43,M,64.2,169.5,22.3,96,77,45,231,153,55,137,116,0,0,0,3,0,0
CARDIO_0326,41,M,86.6,167.5,30.9,124,86,81,228,165,54,216,113,0,0,1,0,1,0
CARDIO_0327,74,F,80.3,153.1,34.3,150,68,74,231,134,41,208,75,0,0,0,0,0,0
CARDIO_0328,69,M,88.2,170.7,30.3,137,64,88,207,136,24,255,118,0,0,0,1,1,1
CARDIO_0329,66,F,56.9,172.8,19.1,121,67,57,192,103,35,116,117,0,0,0,0,0,0
CARDIO_0330,66,M,80.1,181.2,24.4,110,79,79,120,89,36,135,77,0,1,1,0,1,0
CARDIO_0331,57,M,82.7,181.9,25.0,108,77,95,211,148,60,185,121,0,0,1,0,0,0
CARDIO_0332,45,F,81.3,168.7,28.6,130,81,76,185,112,41,173,116,0,0,1,2,0,0
CARDIO_0333,59,F,75.1,155.2,31.2,133,67,76,280,166,40,157,153,0,1,1,3,2,1
CARDIO_0334,48,F,95.7,156.8,38.9,124,60,71,227,134,41,250,104,0,0,0,3,1,1
CARDIO_0335,71,M,73.6,167.2,26.3,121,83,55,165,125,52,117,75,0,0,0,1,0,0
CARDIO_0336,55,F,65.1,171.0,22.3,91,65,88,195,111,37,99,83,0,0,0,2,0,0
CARDIO_0337,46,M,80.7,158.2,32.2,105,58,64,170,93,38,154,140,1,1,0,3,1,0
CARDIO_0338,53,M,120.7,178.2,38.0,149,80,78,246,153,45,296,69,0,0,0,0,1,0
CARDIO_0339,63,F,81.2,172.9,27.2,107,82,54,222,141,37,50,65,0,1,0,2,2,1
CARDIO_0340,50,M,106.6,177.1,34.0,124,75,57,256,155,37,218,110,0,0,0,1,2,1
CARDIO_0341,46,F,55.2,157.8,22.2,122,66,88,160,73,42,138,78,1,1,1,0,1,0
CARDIO_0342,61,M,73.7,165.3,27.0,107,73,68,210,129,47,59,101,1,0,0,1,0,1
CARDIO_0343,61,M,90.5,169.2,31.6,127,74,90,164,116,44,201,131,0,1,0,0,0,0
CARDIO_0344,50,M,106.4,176.8,34.0,133,65,71,246,144,35,223,94,0,0,0,2,1,1
CARDIO_0345,51,F,68.5,162.7,25.9,116,66,49,223,128,58,189,65,0,0,0,0,0,1
CARDIO_0346,61,F,67.6,163.0,25.4,155,78,83,226,141,40,50,150,0,1,0,0,0,0
CARDIO_0347,37,F,71.0,160.3,27.6,90,73,63,198,145,64,244,70,0,0,0,0,0,0
CARDIO_0348,38,F,86.3,163.6,32.2,127,74,79,224,164,51,141,75,0,0,0,3,0,0
CARDIO_0349,47,F,57.0,143.6,27.6,113,64,72,267,154,54,204,125,1,0,1,1,0,0
CARDIO_0350,55,F,73.3,158.1,29.3,130,73,53,199,119,46,215,93,0,1,1,2,0,1
CARDIO_0351,62,M,82.5,165.7,30.0,130,59,75,221,126,31,122,104,0,0,0,2,1,0
CARDIO_0352,78,M,70.5,162.7,26.6,121,79,101,173,121,32,197,117,0,0,0,1,0,1
CARDIO_0353,70,M,85.5,170.7,29.3,131,89,79,183,96,47,148,134,0,1,0,0,0,0
CARDIO_0354,55,F,84.0,158.7,33.4,101,65,71,223,126,70,67,100,0,0,1,2,0,0
CARDIO_0355,57,F,40.0,171.4,13.6,116,63,85,224,156,41,163,117,0,0,0,0,1,0
CARDIO_0356,43,M,94.5,182.6,28.3,117,74,73,192,121,31,119,65,0,0,0,0,0,0
CARDIO_0357,57,F,60.8,157.0,24.7,125,83,75,193,131,50,97,115,0,0,1,2,1,0
CARDIO_0358,53,F,44.4,159.0,17.6,123,65,59,170,97,58,88,65,0,0,0,0,2,0
CARDIO_0359,62,M,100.4,163.2,37.7,135,75,76,210,132,37,229,151,1,0,0,0,0,0
CARDIO_0360,46,F,89.2,157.1,36.1,123,60,84,231,118,39,202,114,0,0,0,1,0,0
CARDIO_0361,65,F,68.1,161.3,26.2,112,76,63,150,84,61,188,84,0,0,0,1,0,1
CARDIO_0362,79,M,88.3,169.1,30.9,125,97,91,277,174,23,99,129,0,1,0,2,2,1
CARDIO_0363,56,F,92.6,152.7,39.7,144,82,71,205,110,37,178,141,0,0,0,2,1,0
CARDIO_0364,63,M,81.2,173.4,27.0,140,75,62,239,142,34,153,117,0,0,1,2,2,0
CARDIO_0365,67,F,93.0,164.1,34.5,128,82,85,176,128,33,311,88,0,0,0,2,0,0
CARDIO_0366,52,F,80.4,154.8,33.6,123,76,68,244,151,45,186,96,0,0,0,0,2,1
CARDIO_0367,61,F,71.1,165.8,25.9,110,68,82,234,124,56,219,99,0,0,0,0,0,1
CARDIO_0368,58,M,68.2,164.5,25.2,133,80,69,219,152,46,153,96,0,0,1,1,0,0
CARDIO_0369,59,F,66.6,161.6,25.5,127,75,72,165,137,54,123,117,0,0,0,0,2,0
CARDIO_0370,47,F,58.2,165.3,21.3,133,69,77,201,139,45,116,65,0,0,0,3,2,0
CARDIO_0371,58,M,80.3,159.5,31.6,113,69,76,169,105,34,172,115,0,0,0,3,0,0
CARDIO_0372,64,F,67.5,163.0,25.4,117,85,49,197,139,53,188,92,1,0,1,0,0,0
CARDIO_0373,78,M,71.0,168.5,25.0,131,82,61,255,152,45,232,82,0,1,0,0,0,1
CARDIO_0374,71,F,77.7,158.7,30.9,137,74,85,254,155,58,201,91,0,1,0,0,0,0
CARDIO_0375,88,M,98.4,174.4,32.4,137,91,74,234,147,36,258,112,1,0,0,0,0,1
CARDIO_0376,47,M,91.1,168.6,32.0,108,70,65,173,109,26,127,65,0,0,1,0,2,1
CARDIO_0377,70,M,65.6,167.3,23.4,134,68,57,232,137,58,117,81,0,0,0,1,1,0
CARDIO_0378,60,F,72.7,149.9,32.4,134,71,60,220,142,42,143,87,0,0,0,3,1,0
CARDIO_0379,88,M,100.2,164.4,37.1,132,71,51,150,83,45,229,137,0,1,1,2,1,0
CARDIO_0380,46,F,51.5,158.1,20.6,125,72,70,220,127,56,106,67,0,0,1,0,1,0
CARDIO_0381,46,M,116.8,176.8,37.4,136,62,64,221,124,20,255,107,1,0,0,1,1,1
CARDIO_0382,49,M,87.9,164.0,32.7,122,65,60,262,178,57,132,144,0,1,1,1,1,1
CARDIO_0383,28,M,84.9,176.7,27.2,106,55,68,149,93,40,163,116,0,0,0,3,0,0
CARDIO_0384,50,F,60.3,163.1,22.7,119,70,76,120,55,54,179,114,0,0,0,3,1,0
CARDIO_0385,47,M,84.0,159.9,32.9,109,74,96,225,140,42,65,93,1,0,1,3,1,1
CARDIO_0386,60,F,68.8,155.8,28.3,123,73,54,223,126,39,293,116,0,0,0,1,1,0
CARDIO_0387,62,F,48.9,152.2,21.1,92,64,87,130,76,32,113,86,0,0,0,2,2,0
CARDIO_0388,84,F,80.6,153.2,34.3,149,74,87,196,123,39,74,114,0,0,0,0,0,0
CARDIO_0389,71,M,70.2,168.7,24.7,106,79,64,320,202,52,157,111,0,0,0,2,1,1
CARDIO_0390,49,M,62.0,175.2,20.2,128,64,74,177,95,33,128,72,1,0,0,0,0,0
CARDIO_0391,45,F,65.7,155.0,27.3,110,74,66,231,143,48,156,134,0,0,1,1,1,1
CARDIO_0392,64,M,89.6,170.2,30.9,124,70,75,192,118,48,238,104,0,0,1,2,0,0
CARDIO_0393,39,F,74.5,157.0,30.2,106,73,89,121,93,56,220,114,0,0,0,0,0,0
CARDIO_0394,83,M,50.0,182.0,15.1,120,84,82,189,112,45,118,126,0,1,0,0,0,1
CARDIO_0395,74,F,43.7,163.9,16.3,137,77,80,183,100,67,133,114,0,0,1,0,1,0
CARDIO_0396,51,F,71.6,156.4,29.3,90,71,66,193,114,63,165,66,0,0,0,0,0,0
CARDIO_0397,34,F,67.8,157.3,27.4,124,72,52,192,131,37,268,104,0,0,0,0,2,0
CARDIO_0398,76,M,94.6,166.3,34.2,139,79,72,241,149,33,107,137,0,1,0,0,0,1
CARDIO_0399,56,F,73.0,159.8,28.6,106,75,87,204,138,64,176,124,1,0,0,0,2,0
CARDIO_0400,75,M,80.5,175.7,26.1,115,74,56,164,106,30,159,76,0,0,0,0,1,0
CARDIO_0401,35,M,95.8,174.9,31.3,132,70,57,224,132,61,230,83,1,0,0,3,0,0
CARDIO_0402,49,F,58.9,148.4,26.7,104,74,73,124,62,34,107,122,0,0,0,0,0,0
CARDIO_0403,58,F,85.1,157.7,34.2,112,70,60,140,75,45,91,92,0,0,0,0,1,0
CARDIO_0404,58,F,70.3,162.0,26.8,134,66,63,237,135,37,168,92,0,0,0,1,1,1
CARDIO_0405,51,F,96.6,161.2,37.2,129,67,67,245,151,42,227,152,0,0,1,3,1,1
CARDIO_0406,66,M,96.9,165.0,35.6,120,67,57,226,139,37,292,114,0,0,1,2,0,1
CARDIO_0407,43,M,79.4,169.3,27.7,116,62,59,146,83,40,87,78,0,1,0,0,0,0
CARDIO_0408,56,F,48.8,153.5,20.7,102,72,81,166,128,50,197,68,0,0,0,2,2,0
CARDIO_0409,59,M,90.0,186.0,26.0,133,67,57,195,111,51,297,107,1,1,1,2,0,0
CARDIO_0410,65,M,68.5,193.8,18.2,129,75,54,130,69,46,93,65,1,0,0,2,0,0
CARDIO_0411,67,M,82.4,176.2,26.5,131,76,66,181,121,36,80,96,0,0,1,2,0,1
CARDIO_0412,42,M,81.9,170.7,28.1,117,56,79,228,147,27,141,105,0,0,0,3,1,0
CARDIO_0413,36,M,98.3,175.7,31.8,134,77,68,263,180,29,184,133,0,1,1,3,1,1
CARDIO_0414,75,M,89.1,178.2,28.1,129,85,68,201,111,24,199,123,0,0,0,2,0,0
CARDIO_0415,62,M,81.6,169.8,28.3,109,68,73,242,166,40,131,85,0,0,0,1,0,1
CARDIO_0416,47,M,94.3,184.6,27.7,121,76,50,127,80,28,256,127,0,1,0,2,0,1
CARDIO_0417,79,F,92.6,171.3,31.6,159,74,80,254,166,70,116,106,0,1,0,3,0,1
CARDIO_0418,59,M,90.4,175.5,29.4,110,76,77,181,99,53,67,73,0,0,0,0,0,1
CARDIO_0419,74,M,82.2,176.7,26.3,123,67,69,226,133,53,222,99,0,0,0,3,2,0
CARDIO_0420,58,F,57.5,165.3,21.0,120,57,84,186,123,66,50,127,0,1,1,0,0,0
CARDIO_0421,86,M,66.0,177.9,20.9,129,74,62,262,162,43,117,103,0,0,0,1,0,1
CARDIO_0422,82,F,59.9,162.4,22.7,117,76,88,176,104,25,325,101,1,0,0,3,2,1
CARDIO_0423,54,F,67.0,162.6,25.3,130,69,74,227,142,45,150,137,1,1,0,0,0,1
CARDIO_0424,71,M,79.2,164.3,29.3,156,68,70,207,112,36,104,71,0,0,0,1,1,1
CARDIO_0425,67,M,82.8,175.1,27.0,127,73,73,206,119,26,156,70,0,0,0,0,0,0
CARDIO_0426,77,F,71.1,165.5,26.0,118,80,73,208,130,48,151,65,0,0,0,1,0,1
CARDIO_0427,44,F,66.9,159.7,26.2,94,71,86,165,94,38,165,104,1,0,0,0,2,1
CARDIO_0428,67,M,89.3,183.7,26.5,127,77,60,210,129,34,197,106,1,0,0,1,1,1
CARDIO_0429,72,F,72.4,159.7,28.4,141,72,65,215,141,70,104,145,0,1,0,1,0,0
CARDIO_0430,33,M,52.4,176.7,16.8,105,73,82,184,123,42,210,83,1,0,0,3,1,0
CARDIO_0431,41,F,54.7,168.1,19.4,105,57,63,187,126,56,136,73,0,1,0,3,2,1
CARDIO_0432,29,M,79.8,169.3,27.8,99,73,80,227,153,20,207,92,0,0,0,0,0,0
CARDIO_0433,54,F,68.6,166.2,24.8,103,82,92,238,134,59,111,98,1,0,1,2,1,1
CARDIO_0434,68,F,70.3,157.6,28.3,136,81,68,173,102,56,243,65,0,0,0,0,2,1
CARDIO_0435,79,F,79.9,148.9,36.0,149,81,83,271,191,57,189,187,1,1,0,0,0,1
CARDIO_0436,59,M,100.3,171.5,34.1,108,74,59,175,133,37,212,124,0,0,0,0,1,1
CARDIO_0437,80,M,78.8,161.4,30.2,153,88,84,248,155,31,120,117,1,0,0,3,1,1
CARDIO_0438,38,M,104.4,169.5,36.3,124,63,73,241,164,39,146,123,0,0,0,3,1,0
CARDIO_0439,34,M,84.2,178.2,26.5,124,61,76,120,70,39,198,110,1,0,0,0,0,0
CARDIO_0440,57,M,76.9,176.0,24.8,102,70,64,206,130,32,122,93,0,0,1,0,0,1
CARDIO_0441,63,F,54.0,172.4,18.2,99,81,53,174,104,35,64,72,0,0,1,0,1,0
CARDIO_0442,57,M,77.5,172.3,26.1,117,76,78,175,86,50,116,113,0,0,1,1,0,0
CARDIO_0443,29,M,76.2,172.0,25.8,111,60,45,245,125,35,195,99,0,0,0,2,0,0
CARDIO_0444,56,F,67.1,159.0,26.5,140,71,68,179,113,40,119,78,0,0,0,0,0,1
CARDIO_0445,39,F,68.2,161.9,26.0,118,65,82,164,92,40,147,128,0,1,0,2,0,0
CARDIO_0446,67,F,43.7,150.1,19.4,116,66,76,200,121,60,122,99,0,0,1,0,2,0
CARDIO_0447,63,F,62.3,169.6,21.7,106,80,96,227,129,47,50,112,0,0,0,3,0,1
CARDIO_0448,44,M,99.9,168.3,35.3,135,64,83,211,115,46,113,143,0,1,0,2,2,0
CARDIO_0449,50,M,96.2,156.9,39.1,114,91,64,274,173,29,240,116,1,1,0,1,0,1
CARDIO_0450,43,F,55.6,152.9,23.8,130,76,71,215,120,43,99,99,0,0,0,2,1,0
CARDIO_0451,57,F,87.7,156.2,35.9,123,87,72,138,96,44,267,133,0,1,1,3,0,1
CARDIO_0452,71,M,96.0,166.0,34.8,152,77,55,208,124,40,257,97,0,0,0,0,1,0
CARDIO_0453,44,F,83.6,156.0,34.4,127,74,60,193,130,25,240,108,0,0,0,0,1,0
CARDIO_0454,65,M,78.6,169.3,27.4,122,64,66,231,142,20,271,106,0,1,0,3,0,1
CARDIO_0455,50,M,64.4,179.4,20.0,104,65,47,120,77,58,120,65,0,0,1,0,2,0
CARDIO_0456,46,M,55.0,176.3,17.7,103,71,72,285,185,32,152,140,1,1,0,0,0,0
CARDIO_0457,56,F,53.3,152.8,22.8,121,82,69,219,120,77,103,65,0,0,1,1,1,0
CARDIO_0458,43,F,82.9,161.4,31.8,117,65,51,216,131,51,331,70,0,0,0,3,2,0
CARDIO_0459,50,M,73.4,180.5,22.5,105,67,76,242,145,57,256,124,0,0,1,2,2,1
CARDIO_0460,41,F,60.6,156.7,24.7,108,68,79,288,198,49,149,109,0,0,1,3,2,0
CARDIO_0461,85,M,73.8,169.4,25.7,134,68,78,253,138,40,176,80,0,0,0,1,0,1
CARDIO_0462,58,M,87.9,173.0,29.4,96,80,68,250,125,42,253,119,1,1,0,0,0,1
CARDIO_0463,48,F,74.0,167.7,26.3,120,66,78,206,118,25,147,133,0,1,0,2,0,0
CARDIO_0464,60,F,73.6,161.3,28.3,110,74,81,205,135,55,127,102,0,1,0,2,1,1
CARDIO_0465,56,F,68.1,156.5,27.8,106,70,76,189,128,76,216,165,0,0,1,0,1,0
CARDIO_0466,54,F,81.4,163.1,30.6,101,69,62,180,105,53,182,65,0,0,0,0,0,0
CARDIO_0467,66,F,81.1,152.8,34.7,109,79,76,199,128,67,209,131,0,0,0,0,1,1
CARDIO_0468,68,F,45.5,164.4,16.8,101,69,88,138,70,47,58,117,0,0,0,2,0,0
CARDIO_0469,50,M,99.9,167.6,35.6,114,74,64,218,160,33,99,133,0,0,0,3,0,1
CARDIO_0470,49,M,79.6,182.7,23.8,136,65,97,129,73,50,158,87,0,0,1,2,1,0
CARDIO_0471,54,M,81.6,168.2,28.8,113,77,66,217,154,39,223,94,1,0,0,3,0,0
CARDIO_0472,25,M,68.0,160.0,26.6,105,81,69,189,104,30,144,101,0,0,1,0,1,0
CARDIO_0473,36,F,54.7,163.5,20.5,109,68,62,189,126,40,213,104,0,0,1,3,0,0
CARDIO_0474,77,M,68.7,180.7,21.0,126,83,77,184,88,44,87,112,1,1,0,3,1,1
CARDIO_0475,81,M,79.4,170.9,27.2,131,68,54,342,211,50,97,133,0,0,0,0,0,1
CARDIO_0476,54,M,107.7,168.2,38.1,113,80,65,282,166,33,211,90,0,0,1,3,0,0
CARDIO_0477,66,F,65.7,146.4,30.7,144,69,60,169,107,59,173,102,0,0,0,0,1,0
CARDIO_0478,62,M,57.8,175.5,18.8,137,59,74,202,120,45,165,65,0,0,0,3,2,0
CARDIO_0479,95,F,88.3,159.8,34.6,124,79,88,217,132,62,151,113,0,0,0,3,0,1
CARDIO_0480,73,M,78.9,182.1,23.8,113,85,82,168,91,44,226,125,1,0,0,2,0,0
CARDIO_0481,56,M,72.0,169.5,25.1,114,80,45,149,101,51,268,99,0,0,1,2,1,0
CARDIO_0482,44,F,67.1,155.7,27.7,102,74,95,219,167,47,161,162,0,1,0,0,0,0
CARDIO_0483,35,F,46.4,161.9,17.7,107,55,74,150,93,63,188,84,0,0,0,1,1,0
CARDIO_0484,60,M,109.4,173.8,36.2,120,78,63,266,181,30,142,116,0,0,1,1,1,1
CARDIO_0485,47,F,83.5,145.5,39.4,151,81,73,267,172,57,286,118,0,1,1,2,0,1
CARDIO_0486,38,F,92.6,146.2,43.3,137,80,72,285,191,31,304,102,0,0,0,2,0,0
CARDIO_0487,48,M,114.4,174.4,37.6,126,63,63,190,110,50,264,111,1,1,1,3,1,1
CARDIO_0488,42,F,61.7,163.0,23.2,121,62,73,211,126,60,140,118,1,0,0,0,0,1
CARDIO_0489,81,F,69.6,142.1,34.5,151,82,67,259,148,47,50,121,1,0,1,3,1,1
CARDIO_0490,70,F,73.9,156.8,30.1,122,82,69,201,107,44,136,88,1,0,0,3,0,1
CARDIO_0491,57,F,58.7,156.6,23.9,107,55,64,170,106,63,106,72,0,0,0,2,1,0
CARDIO_0492,78,F,75.9,169.0,26.6,131,77,57,281,168,44,99,94,0,1,1,0,0,1
CARDIO_0493,59,F,63.4,157.5,25.6,130,75,74,214,129,49,160,100,0,0,0,0,1,1
CARDIO_0494,45,F,69.8,162.5,26.4,115,78,78,225,150,68,131,125,0,0,1,0,0,1
CARDIO_0495,79,F,77.6,160.9,30.0,114,85,81,191,162,68,125,77,0,0,0,2,0,0
CARDIO_0496,65,F,70.1,146.2,32.8,119,83,83,174,107,67,125,103,0,0,1,2,1,1
CARDIO_0497,43,F,63.9,165.0,23.5,109,63,75,170,115,49,99,94,0,0,1,3,0,0
CARDIO_0498,55,F,68.5,161.4,26.3,117,58,66,200,130,66,223,65,1,0,0,1,0,0
CARDIO_0499,45,M,76.5,171.4,26.0,136,68,81,156,91,39,115,74,0,0,1,0,0,1
CARDIO_0500,38,F,64.8,185.0,18.9,90,74,54,181,103,43,88,65,0,0,0,2,0,0
