frase,situacao
"sinto dor forte no peito e falta de ar intensa",alto risco
"tenho uma dor no peito que irradia para o braço esquerdo com suor frio",alto risco
"acordei com falta de ar severa e não consigo respirar deitado",alto risco
"sinto aperto no tórax e pressão forte no peito com náusea",alto risco
"meu coração está disparando muito rápido e sinto que vou desmaiar",alto risco
"tive uma dor súbita no peito acompanhada de sudorese e tontura intensa",alto risco
"estou com falta de ar muito forte e inchaço nas pernas há dias",alto risco
"sinto dor intensa no peito em repouso que não passa com nada",alto risco
"perdi a consciência por alguns segundos e depois senti o coração irregular",alto risco
"tenho dor no peito há horas com formigamento no braço e mandíbula",alto risco
"sinto pressão no peito que piora ao respirar fundo e tenho febre alta",alto risco
"tive episódios de desmaio repetidos com palpitações fortes",alto risco
"não consigo subir um lance de escada sem ficar sem ar e com dor no peito",alto risco
"estou com inchaço severo nas pernas e abdômen e muito cansaço",alto risco
"sinto o coração batendo de forma irregular e muito acelerado com dor no peito",alto risco
"minha pressão está muito alta e tenho dor de cabeça forte na nuca",alto risco
"tive dor no peito súbita ao fazer exercício e precisei parar imediatamente",alto risco
"acordo sufocado durante a noite e preciso sentar para conseguir respirar",alto risco
"sinto tonturas frequentes com visão turva e zumbido nos ouvidos",alto risco
"tenho dor no peito que piora ao deitar e melhora sentado para frente",alto risco
"tive um leve incômodo nas costas que passou rápido",baixo risco
"sinto um desconforto leve no peito que aparece às vezes quando estou ansioso",baixo risco
"tenho um pouco de cansaço depois de um dia longo de trabalho",baixo risco
"senti uma pontada rápida no peito que durou poucos segundos e sumiu",baixo risco
"estou com dor muscular no peito depois de fazer exercício pesado na academia",baixo risco
"sinto leve tontura quando fico muito tempo sem comer",baixo risco
"tenho um pouco de falta de ar quando corro mas passa logo quando paro",baixo risco
"notei que meu coração acelera um pouco quando tomo muito café",baixo risco
"sinto uma dor leve no peito ao pressionar o local com o dedo",baixo risco
"tenho dor de cabeça leve que melhora com paracetamol",baixo risco
"sinto um cansaço moderado depois de uma noite mal dormida",baixo risco
"tive uma leve azia no peito depois de comer comida gordurosa",baixo risco
"sinto incômodo passageiro nas costas quando fico sentado muito tempo",baixo risco
"meu coração bate um pouco mais rápido quando estou nervoso mas logo normaliza",baixo risco
"tenho uma dor leve no braço que aparece quando durmo de mau jeito",baixo risco
"sinto um pouco de falta de ar em dias muito quentes e abafados",baixo risco
"notei uma leve dor no peito ao tossir durante um resfriado",baixo risco
"sinto as pernas um pouco cansadas depois de ficar em pé o dia todo",baixo risco
"tenho uma sensação de peso no peito quando estou muito estressado que passa com relaxamento",baixo risco
"senti um formigamento leve no braço que passou quando mudei de posição",baixo risco
